{
    "item.throw": {
        "sounds" : [
            "mk_maker:item/throw"
        ]
    },
    "item.behind": {
        "sounds" : [
            "mk_maker:item/behind"
        ]
    },
    "item.banana_peel.land": {
        "sounds" : [
            "mk_maker:item/banana_peel/land"
        ]
    },
    "item.shell.move": {
        "sounds" : [
            "mk_maker:item/shell/move"
        ]
    },
    "item.shell.bounce": {
        "sounds" : [
            "mk_maker:item/shell/bounce"
        ]
    },
    "item.shell.break": {
        "sounds" : [
            "mk_maker:item/shell/break"
        ]
    },
    "item.shell.hit": {
        "sounds" : [
            "mk_maker:item/shell.hit"
        ]
    },
    "item.bob_omb.explosion": {
        "sounds" : [
            "mk_maker:item/explosion"
        ]
    },
    "item.blooper.use": {
        "sounds" : [
            "mk_maker:item/blooper/use"
        ]
    },
    "item.blooper.attack": {
        "sounds" : [
            "mk_maker:item/blooper/attack"
        ]
    },
    "entity.item_box.get": {
        "sounds" : [
            "mk_maker:entity/item_box/get"
        ]
    },
    "entity.item_box.random": {
        "sounds" : [
            "mk_maker:entity/item_box/random"
        ]
    }
}