{
	"credit": "Made with Blockbench",
	"texture_size": [64, 64],
	"textures": {
		"0": "mk_maker:vehicle/standard/lime",
		"1": "mk_maker:vehicle/standard/speed3",
		"particle": "mk_maker:vehicle/standard/lime"
	},
	"elements": [
		{
			"from": [5, 4, -3.75],
			"to": [11, 6, 4.25],
			"rotation": {"angle": -22.5, "axis": "x", "origin": [8, 4, 2.25]},
			"faces": {
				"north": {"uv": [2, 6.5, 3.5, 7], "texture": "#0"},
				"east": {"uv": [0, 6.5, 2, 7], "texture": "#0"},
				"south": {"uv": [5.5, 6.5, 7, 7], "texture": "#0"},
				"west": {"uv": [3.5, 6.5, 5.5, 7], "texture": "#0"},
				"up": {"uv": [3.5, 6.5, 2, 4.5], "texture": "#0"},
				"down": {"uv": [5, 4.5, 3.5, 6.5], "texture": "#0"}
			}
		},
		{
			"from": [3, 1, -3],
			"to": [13, 3, 0],
			"rotation": {"angle": 0, "axis": "y", "origin": [0, 1, -1.75]},
			"faces": {
				"north": {"uv": [6, 5.25, 8.5, 5.75], "texture": "#0"},
				"east": {"uv": [5.25, 5.25, 6, 5.75], "texture": "#0"},
				"south": {"uv": [9.25, 5.25, 11.75, 5.75], "texture": "#0"},
				"west": {"uv": [8.5, 5.25, 9.25, 5.75], "texture": "#0"},
				"up": {"uv": [8.5, 5.25, 6, 4.5], "texture": "#0"},
				"down": {"uv": [11, 4.5, 8.5, 5.25], "texture": "#0"}
			}
		},
		{
			"from": [1, 1, -2],
			"to": [3, 3, 1],
			"rotation": {"angle": 0, "axis": "y", "origin": [0, 1, -1.75]},
			"faces": {
				"north": {"uv": [8, 11.25, 8.5, 11.75], "texture": "#0"},
				"east": {"uv": [7.25, 11.25, 8, 11.75], "texture": "#0"},
				"south": {"uv": [9.25, 11.25, 9.75, 11.75], "texture": "#0"},
				"west": {"uv": [8.5, 11.25, 9.25, 11.75], "texture": "#0"},
				"up": {"uv": [8.5, 11.25, 8, 10.5], "texture": "#0"},
				"down": {"uv": [9, 10.5, 8.5, 11.25], "texture": "#0"}
			}
		},
		{
			"from": [13, 1, -2],
			"to": [15, 3, 1],
			"shade": false,
			"rotation": {"angle": 0, "axis": "y", "origin": [0, 1, -1.75]},
			"faces": {
				"north": {"uv": [8.5, 11.25, 8, 11.75], "texture": "#0"},
				"east": {"uv": [9.25, 11.25, 8.5, 11.75], "texture": "#0"},
				"south": {"uv": [9.75, 11.25, 9.25, 11.75], "texture": "#0"},
				"west": {"uv": [8, 11.25, 7.25, 11.75], "texture": "#0"},
				"up": {"uv": [8, 11.25, 8.5, 10.5], "texture": "#0"},
				"down": {"uv": [8.5, 10.5, 9, 11.25], "texture": "#0"}
			}
		},
		{
			"from": [7.5, 5, 4.25],
			"to": [8.5, 5, 5.25],
			"rotation": {"angle": -22.5, "axis": "x", "origin": [8, 4, 2.25]},
			"faces": {
				"north": {"uv": [0.25, 4.75, 0.5, 4.75], "texture": "#0"},
				"east": {"uv": [0, 4.75, 0.25, 4.75], "texture": "#0"},
				"south": {"uv": [0.75, 4.75, 1, 4.75], "texture": "#0"},
				"west": {"uv": [0.5, 4.75, 0.75, 4.75], "texture": "#0"},
				"up": {"uv": [0.5, 4.75, 0.25, 4.5], "texture": "#0"},
				"down": {"uv": [0.5, 4.5, 0.25, 4.75], "texture": "#0"}
			}
		},
		{
			"from": [5.5, 2.5, 5.25],
			"to": [10.5, 7.5, 5.25],
			"rotation": {"angle": -22.5, "axis": "x", "origin": [8, 4, 2.25]},
			"faces": {
				"north": {"uv": [1.25, 2.25, 0, 3.5], "texture": "#0"},
				"east": {"uv": [0, 2.25, 0, 3.5], "texture": "#0"},
				"south": {"uv": [0, 2.25, 1.25, 3.5], "texture": "#0"},
				"west": {"uv": [1.25, 2.25, 1.25, 3.5], "texture": "#0"},
				"up": {"uv": [1.25, 2.25, 0, 2.25], "texture": "#0"},
				"down": {"uv": [2.5, 2.25, 1.25, 2.25], "texture": "#0"}
			}
		},
		{
			"from": [3, 1, 3],
			"to": [13, 3, 18],
			"faces": {
				"north": {"uv": [3.75, 3.75, 6.25, 4.25], "texture": "#0"},
				"east": {"uv": [0, 3.75, 3.75, 4.25], "texture": "#0"},
				"south": {"uv": [10, 3.75, 12.5, 4.25], "texture": "#0"},
				"west": {"uv": [6.25, 3.75, 10, 4.25], "texture": "#0"},
				"up": {"uv": [6.25, 3.75, 3.75, 0], "texture": "#0"},
				"down": {"uv": [8.75, 0, 6.25, 3.75], "texture": "#0"}
			}
		},
		{
			"from": [5, 1, 0],
			"to": [11, 3, 3],
			"faces": {
				"north": {"uv": [10.5, 10.5, 12, 11], "texture": "#0"},
				"east": {"uv": [9.75, 10.5, 10.5, 11], "texture": "#0"},
				"south": {"uv": [12.75, 10.5, 14.25, 11], "texture": "#0"},
				"west": {"uv": [12, 10.5, 12.75, 11], "texture": "#0"},
				"up": {"uv": [12, 10.5, 10.5, 9.75], "texture": "#0"},
				"down": {"uv": [13.5, 9.75, 12, 10.5], "texture": "#0"}
			}
		},
		{
			"name": "seat",
			"from": [4, 3, 12],
			"to": [12, 9, 14],
			"faces": {
				"north": {"uv": [5.75, 8.75, 7.75, 10.25], "texture": "#0"},
				"east": {"uv": [5.25, 8.75, 5.75, 10.25], "texture": "#0"},
				"south": {"uv": [8.25, 8.75, 10.25, 10.25], "texture": "#0"},
				"west": {"uv": [7.75, 8.75, 8.25, 10.25], "texture": "#0"},
				"up": {"uv": [7.75, 8.75, 5.75, 8.25], "texture": "#0"},
				"down": {"uv": [9.75, 8.25, 7.75, 8.75], "texture": "#0"}
			}
		},
		{
			"from": [-0.5, 2, 6.5],
			"to": [2.5, 3, 11.5],
			"shade": false,
			"faces": {
				"north": {"uv": [5, 11.75, 4.25, 12], "texture": "#0"},
				"east": {"uv": [6.25, 11.75, 5, 12], "texture": "#0"},
				"south": {"uv": [7, 11.75, 6.25, 12], "texture": "#0"},
				"west": {"uv": [4.25, 11.75, 3, 12], "texture": "#0"},
				"up": {"uv": [4.25, 11.75, 5, 10.5], "texture": "#0"},
				"down": {"uv": [5, 10.5, 5.75, 11.75], "texture": "#0"}
			}
		},
		{
			"from": [-1, 0.5, 6],
			"to": [3, 2.5, 12],
			"faces": {
				"north": {"uv": [1.5, 8.75, 2.5, 9.25], "texture": "#0"},
				"east": {"uv": [0, 8.75, 1.5, 9.25], "texture": "#0"},
				"south": {"uv": [4, 8.75, 5, 9.25], "texture": "#0"},
				"west": {"uv": [2.5, 8.75, 4, 9.25], "texture": "#0"},
				"up": {"uv": [2.5, 8.75, 1.5, 7.25], "texture": "#0"},
				"down": {"uv": [3.5, 7.25, 2.5, 8.75], "texture": "#0"}
			}
		},
		{
			"from": [13.5, 2, 6.5],
			"to": [16.5, 3, 11.5],
			"faces": {
				"north": {"uv": [4.25, 11.75, 5, 12], "texture": "#0"},
				"east": {"uv": [3, 11.75, 4.25, 12], "texture": "#0"},
				"south": {"uv": [6.25, 11.75, 7, 12], "texture": "#0"},
				"west": {"uv": [5, 11.75, 6.25, 12], "texture": "#0"},
				"up": {"uv": [5, 11.75, 4.25, 10.5], "texture": "#0"},
				"down": {"uv": [5.75, 10.5, 5, 11.75], "texture": "#0"}
			}
		},
		{
			"from": [13, 0.5, 6],
			"to": [17, 2.5, 12],
			"faces": {
				"north": {"uv": [1.5, 8.75, 2.5, 9.25], "texture": "#0"},
				"east": {"uv": [0, 8.75, 1.5, 9.25], "texture": "#0"},
				"south": {"uv": [4, 8.75, 5, 9.25], "texture": "#0"},
				"west": {"uv": [2.5, 8.75, 4, 9.25], "texture": "#0"},
				"up": {"uv": [2.5, 8.75, 1.5, 7.25], "texture": "#0"},
				"down": {"uv": [3.5, 7.25, 2.5, 8.75], "texture": "#0"}
			}
		},
		{
			"from": [4, 3, 14],
			"to": [12, 6, 18],
			"faces": {
				"north": {"uv": [7.25, 7.25, 9.25, 8], "texture": "#0"},
				"east": {"uv": [6.25, 7.25, 7.25, 8], "texture": "#0"},
				"south": {"uv": [10.25, 7.25, 12.25, 8], "texture": "#0"},
				"west": {"uv": [9.25, 7.25, 10.25, 8], "texture": "#0"},
				"up": {"uv": [9.25, 7.25, 7.25, 6.25], "texture": "#0"},
				"down": {"uv": [11.25, 6.25, 9.25, 7.25], "texture": "#0"}
			}
		},
		{
			"from": [3, 3, 17],
			"to": [5, 5, 20],
			"rotation": {"angle": 0, "axis": "y", "origin": [2, 0, 1]},
			"faces": {
				"north": {"uv": [11.25, 9, 11.75, 9.5], "texture": "#0"},
				"east": {"uv": [10.5, 9, 11.25, 9.5], "texture": "#0"},
				"south": {"uv": [12.5, 9, 13, 9.5], "texture": "#0"},
				"west": {"uv": [11.75, 9, 12.5, 9.5], "texture": "#0"},
				"up": {"uv": [11.75, 9, 11.25, 8.25], "texture": "#0"},
				"down": {"uv": [12.25, 8.25, 11.75, 9], "texture": "#0"}
			}
		},
		{
			"from": [2.5, 3, 19],
			"to": [5.5, 6, 25],
			"rotation": {"angle": -22.5, "axis": "x", "origin": [4, 4.5, 20.5]},
			"faces": {
				"north": {"uv": [10.5, 1.5, 11.25, 2.25], "texture": "#0"},
				"east": {"uv": [9, 1.5, 10.5, 2.25], "texture": "#0"},
				"south": {"uv": [12.75, 1.5, 13.5, 2.25], "texture": "#0"},
				"west": {"uv": [11.25, 1.5, 12.75, 2.25], "texture": "#0"},
				"up": {"uv": [11.25, 1.5, 10.5, 0], "texture": "#0"},
				"down": {"uv": [12, 0, 11.25, 1.5], "texture": "#0"}
			}
		},
		{
			"from": [2, 2.5, 20],
			"to": [6, 6.5, 24],
			"rotation": {"angle": -22.5, "axis": "x", "origin": [4, 4.5, 20.5]},
			"faces": {
				"north": {"uv": [1, 10.5, 2, 11.5], "texture": "#0"},
				"east": {"uv": [0, 10.5, 1, 11.5], "texture": "#0"},
				"south": {"uv": [3, 10.5, 4, 11.5], "texture": "#0"},
				"west": {"uv": [2, 10.5, 3, 11.5], "texture": "#0"},
				"up": {"uv": [2, 10.5, 1, 9.5], "texture": "#0"},
				"down": {"uv": [3, 9.5, 2, 10.5], "texture": "#0"}
			}
		},
		{
			"from": [11, 3, 17],
			"to": [13, 5, 20],
			"rotation": {"angle": 0, "axis": "y", "origin": [10, 0, 1]},
			"faces": {
				"north": {"uv": [11.25, 9, 11.75, 9.5], "texture": "#0"},
				"east": {"uv": [10.5, 9, 11.25, 9.5], "texture": "#0"},
				"south": {"uv": [12.5, 9, 13, 9.5], "texture": "#0"},
				"west": {"uv": [11.75, 9, 12.5, 9.5], "texture": "#0"},
				"up": {"uv": [11.75, 9, 11.25, 8.25], "texture": "#0"},
				"down": {"uv": [12.25, 8.25, 11.75, 9], "texture": "#0"}
			}
		},
		{
			"from": [10.5, 3, 19],
			"to": [13.5, 6, 25],
			"rotation": {"angle": -22.5, "axis": "x", "origin": [12, 4.5, 20.5]},
			"faces": {
				"north": {"uv": [10.5, 1.5, 11.25, 2.25], "texture": "#0"},
				"east": {"uv": [9, 1.5, 10.5, 2.25], "texture": "#0"},
				"south": {"uv": [12.75, 1.5, 13.5, 2.25], "texture": "#0"},
				"west": {"uv": [11.25, 1.5, 12.75, 2.25], "texture": "#0"},
				"up": {"uv": [11.25, 1.5, 10.5, 0], "texture": "#0"},
				"down": {"uv": [12, 0, 11.25, 1.5], "texture": "#0"}
			}
		},
		{
			"from": [10, 2.5, 20],
			"to": [14, 6.5, 24],
			"rotation": {"angle": -22.5, "axis": "x", "origin": [12, 4.5, 20.5]},
			"faces": {
				"north": {"uv": [1, 10.5, 2, 11.5], "texture": "#0"},
				"east": {"uv": [0, 10.5, 1, 11.5], "texture": "#0"},
				"south": {"uv": [3, 10.5, 4, 11.5], "texture": "#0"},
				"west": {"uv": [2, 10.5, 3, 11.5], "texture": "#0"},
				"up": {"uv": [2, 10.5, 1, 9.5], "texture": "#0"},
				"down": {"uv": [3, 9.5, 2, 10.5], "texture": "#0"}
			}
		},
		{
			"name": "backleft",
			"from": [0, 0, 12.5],
			"to": [3, 4, 16.5],
			"faces": {
				"north": {"uv": [1, 1, 1.75, 2], "texture": "#1"},
				"east": {"uv": [0, 1, 1, 2], "texture": "#1"},
				"south": {"uv": [2.75, 1, 3.5, 2], "texture": "#1"},
				"west": {"uv": [1.75, 1, 2.75, 2], "texture": "#1"},
				"up": {"uv": [1.75, 1, 1, 0], "texture": "#1"},
				"down": {"uv": [2.5, 0, 1.75, 1], "texture": "#1"}
			}
		},
		{
			"name": "backright",
			"from": [13, 0, 12.5],
			"to": [16, 4, 16.5],
			"faces": {
				"north": {"uv": [1, 1, 1.75, 2], "texture": "#1"},
				"east": {"uv": [0, 1, 1, 2], "texture": "#1"},
				"south": {"uv": [2.75, 1, 3.5, 2], "texture": "#1"},
				"west": {"uv": [1.75, 1, 2.75, 2], "texture": "#1"},
				"up": {"uv": [1.75, 1, 1, 0], "texture": "#1"},
				"down": {"uv": [2.5, 0, 1.75, 1], "texture": "#1"}
			}
		},
		{
			"name": "frontleft",
			"from": [0, 0, 1.5],
			"to": [3, 4, 5.5],
			"faces": {
				"north": {"uv": [1, 1, 1.75, 2], "texture": "#1"},
				"east": {"uv": [0, 1, 1, 2], "texture": "#1"},
				"south": {"uv": [2.75, 1, 3.5, 2], "texture": "#1"},
				"west": {"uv": [1.75, 1, 2.75, 2], "texture": "#1"},
				"up": {"uv": [1.75, 1, 1, 0], "texture": "#1"},
				"down": {"uv": [2.5, 0, 1.75, 1], "texture": "#1"}
			}
		},
		{
			"name": "frontright",
			"from": [13, 0, 1.5],
			"to": [16, 4, 5.5],
			"faces": {
				"north": {"uv": [1, 1, 1.75, 2], "texture": "#1"},
				"east": {"uv": [0, 1, 1, 2], "texture": "#1"},
				"south": {"uv": [2.75, 1, 3.5, 2], "texture": "#1"},
				"west": {"uv": [1.75, 1, 2.75, 2], "texture": "#1"},
				"up": {"uv": [1.75, 1, 1, 0], "texture": "#1"},
				"down": {"uv": [2.5, 0, 1.75, 1], "texture": "#1"}
			}
		}
	],
	"display": {
		"head": {
			"translation": [0, -1, -4],
			"scale": [4, 4, 4]
		}
	},
	"groups": [
		{
			"name": "front",
			"origin": [8, 3, 4],
			"color": 0,
			"nbt": "{}",
			"armAnimationEnabled": false,
			"children": [
				0,
				1,
				2,
				3,
				{
					"name": "swheel",
					"origin": [8, 8, 8],
					"color": 0,
					"nbt": "{}",
					"armAnimationEnabled": false,
					"children": [4, 5]
				}
			]
		},
		{
			"name": "center",
			"origin": [0, 0, 0],
			"color": 0,
			"nbt": "{}",
			"armAnimationEnabled": false,
			"children": [
				6,
				7,
				8,
				{
					"name": "left",
					"origin": [0, 0, 0],
					"color": 0,
					"nbt": "{}",
					"armAnimationEnabled": false,
					"children": [9, 10]
				},
				{
					"name": "right",
					"origin": [0, 0, 0],
					"color": 0,
					"nbt": "{}",
					"armAnimationEnabled": false,
					"children": [11, 12]
				}
			]
		},
		{
			"name": "back",
			"origin": [8, 3, 4],
			"color": 0,
			"nbt": "{}",
			"armAnimationEnabled": false,
			"children": [
				13,
				{
					"name": "leftpipe",
					"origin": [0, 0, 0],
					"color": 0,
					"nbt": "{}",
					"armAnimationEnabled": false,
					"children": [14, 15, 16]
				},
				{
					"name": "leftpipe",
					"origin": [0, 0, 0],
					"color": 0,
					"nbt": "{}",
					"armAnimationEnabled": false,
					"children": [17, 18, 19]
				}
			]
		},
		{
			"name": "wheels",
			"origin": [8, 8, 8],
			"color": 0,
			"nbt": "{}",
			"armAnimationEnabled": false,
			"children": [20, 21, 22, 23]
		}
	]
}