{
    "providers": [
        {
            "type": "bitmap",
            "file": "mk_maker:font/speedometer/0.png",
            "ascent": 10,
            "height": 30,
            "chars": ["\uE000"]
        },
        {
            "type": "bitmap",
            "file": "mk_maker:font/speedometer/1.png",
            "ascent": 10,
            "height": 30,
            "chars": ["\uE001"]
        },
        {
            "type": "bitmap",
            "file": "mk_maker:font/speedometer/2.png",
            "ascent": 10,
            "height": 30,
            "chars": ["\uE002"]
        },
        {
            "type": "bitmap",
            "file": "mk_maker:font/speedometer/3.png",
            "ascent": 10,
            "height": 30,
            "chars": ["\uE003"]
        },
        {
            "type": "bitmap",
            "file": "mk_maker:font/speedometer/4.png",
            "ascent": 10,
            "height": 30,
            "chars": ["\uE004"]
        },
        {
            "type": "bitmap",
            "file": "mk_maker:font/speedometer/5.png",
            "ascent": 10,
            "height": 30,
            "chars": ["\uE005"]
        },
        {
            "type": "bitmap",
            "file": "mk_maker:font/speedometer/6.png",
            "ascent": 10,
            "height": 30,
            "chars": ["\uE006"]
        },
        {
            "type": "bitmap",
            "file": "mk_maker:font/speedometer/7.png",
            "ascent": 10,
            "height": 30,
            "chars": ["\uE007"]
        },
        {
            "type": "bitmap",
            "file": "mk_maker:font/speedometer/boost.png",
            "ascent": 10,
            "height": 30,
            "chars": ["\uE008"]
        },
        {
            "type": "bitmap",
            "file": "mk_maker:font/speedometer/backwards.png",
            "ascent": 1,
            "height": 13,
            "chars": ["\uE009"]
        },
        {
            "type": "bitmap",
            "file": "mk_maker:font/blooper_ink.png",
            "ascent": 40,
            "height": 80,
            "chars": ["\uE101"]
        }
    ]
}