{
	"credit": "Made with Blockbench",
	"texture_size": [32, 32],
	"textures": {
		"0": "mk_maker:item/banana_peel",
		"particle": "mk_maker:item/banana_peel"
	},
	"elements": [
		{
			"from": [5.5, 1.2, 5.5],
			"to": [10.5, 8.2, 10.5],
			"rotation": {"angle": 0, "axis": "y", "origin": [0, -0.65, 0]},
			"faces": {
				"north": {"uv": [2.5, 2.5, 5, 6], "texture": "#0"},
				"east": {"uv": [0, 2.5, 2.5, 6], "texture": "#0"},
				"south": {"uv": [7.5, 2.5, 10, 6], "texture": "#0"},
				"west": {"uv": [5, 2.5, 7.5, 6], "texture": "#0"},
				"up": {"uv": [5, 2.5, 2.5, 0], "texture": "#0"},
				"down": {"uv": [7.5, 0, 5, 2.5], "texture": "#0"}
			}
		},
		{
			"from": [6.5, 8.2, 6.5],
			"to": [9.5, 12.2, 9.5],
			"rotation": {"angle": 0, "axis": "y", "origin": [0, -0.65, 0]},
			"faces": {
				"north": {"uv": [6, 8, 7.5, 10], "texture": "#0"},
				"east": {"uv": [4.5, 8, 6, 10], "texture": "#0"},
				"south": {"uv": [9, 8, 10.5, 10], "texture": "#0"},
				"west": {"uv": [7.5, 8, 9, 10], "texture": "#0"},
				"up": {"uv": [7.5, 8, 6, 6.5], "texture": "#0"},
				"down": {"uv": [9, 6.5, 7.5, 8], "texture": "#0"}
			}
		},
		{
			"from": [7, 12.2, 8],
			"to": [9, 15.2, 8],
			"rotation": {"angle": -45, "axis": "y", "origin": [8, 13.85, 8]},
			"faces": {
				"north": {"uv": [1, 0, 0, 1.5], "texture": "#0"},
				"east": {"uv": [1, 0, 1, 1.5], "texture": "#0"},
				"south": {"uv": [0, 0, 1, 1.5], "texture": "#0"},
				"west": {"uv": [0, 0, 0, 1.5], "texture": "#0"},
				"up": {"uv": [1, 0, 0, 0], "rotation": 180, "texture": "#0"},
				"down": {"uv": [2, 0, 1, 0], "rotation": 180, "texture": "#0"}
			}
		},
		{
			"from": [8, 12.2, 7],
			"to": [8, 15.2, 9],
			"rotation": {"angle": -45, "axis": "y", "origin": [8, 13.85, 8]},
			"faces": {
				"north": {"uv": [0, 0, 0, 1.5], "texture": "#0"},
				"east": {"uv": [1, 0, 0, 1.5], "texture": "#0"},
				"south": {"uv": [1, 0, 1, 1.5], "texture": "#0"},
				"west": {"uv": [0, 0, 1, 1.5], "texture": "#0"},
				"up": {"uv": [1, 0, 0, 0], "rotation": 270, "texture": "#0"},
				"down": {"uv": [2, 0, 1, 0], "rotation": 90, "texture": "#0"}
			}
		},
		{
			"from": [8.5, 4.85, 5.4],
			"to": [9.5, 6.6, 5.4],
			"rotation": {"angle": 0, "axis": "y", "origin": [0, 0.35, 0]},
			"faces": {
				"north": {"uv": [1, 0, 2, 1.5], "texture": "#0"},
				"east": {"uv": [0, 0, 1, 1.5], "texture": "#0"},
				"south": {"uv": [2, 0, 1, 1.5], "texture": "#0"},
				"west": {"uv": [0, 0, 1, 1.5], "texture": "#0"},
				"up": {"uv": [0, 0, 1, 1.5], "texture": "#0"},
				"down": {"uv": [0, 0, 1, 1.5], "texture": "#0"}
			}
		},
		{
			"from": [6.5, 4.85, 5.4],
			"to": [7.5, 6.6, 5.4],
			"rotation": {"angle": 0, "axis": "y", "origin": [0, 0.35, 0]},
			"faces": {
				"north": {"uv": [1, 0, 2, 1.5], "texture": "#0"},
				"east": {"uv": [0, 0, 1, 1.5], "texture": "#0"},
				"south": {"uv": [2, 0, 1, 1.5], "texture": "#0"},
				"west": {"uv": [0, 0, 1, 1.5], "texture": "#0"},
				"up": {"uv": [0, 0, 1, 1.5], "texture": "#0"},
				"down": {"uv": [0, 0, 1, 1.5], "texture": "#0"}
			}
		},
		{
			"from": [6.5, 2.1, 5.4],
			"to": [9.5, 4.1, 5.4],
			"rotation": {"angle": 0, "axis": "y", "origin": [0, 0.35, 0]},
			"faces": {
				"north": {"uv": [8, 0, 10.5, 1.5], "texture": "#0"},
				"east": {"uv": [8, 0, 10.5, 1.5], "texture": "#0"},
				"south": {"uv": [8, 0, 10.5, 1.5], "texture": "#0"},
				"west": {"uv": [8, 0, 10.5, 1.5], "texture": "#0"},
				"up": {"uv": [8, 0, 10.5, 1.5], "texture": "#0"},
				"down": {"uv": [8, 0, 10.5, 1.5], "texture": "#0"}
			}
		},
		{
			"from": [10.5, 1.2, 5.5],
			"to": [13.5, 1.2, 10.5],
			"rotation": {"angle": -22.5, "axis": "z", "origin": [10.5, 1.35, 8]},
			"faces": {
				"north": {"uv": [16, 0, 14.5, 2.5], "texture": "#0"},
				"east": {"uv": [16, 0, 14.5, 2.5], "texture": "#0"},
				"south": {"uv": [16, 0, 14.5, 2.5], "texture": "#0"},
				"west": {"uv": [16, 0, 14.5, 2.5], "texture": "#0"},
				"up": {"uv": [16, 0, 14.5, 2.5], "texture": "#0"},
				"down": {"uv": [16, 0, 14.5, 2.5], "texture": "#0"}
			}
		},
		{
			"from": [14.70901, -1.62843, 6.5],
			"to": [18.70901, -1.62843, 9.5],
			"rotation": {"angle": 22.5, "axis": "z", "origin": [9.70901, -4.53989, 7]},
			"faces": {
				"north": {"uv": [14.5, 0.5, 12.5, 2], "texture": "#0"},
				"east": {"uv": [14.5, 0.5, 12.5, 2], "texture": "#0"},
				"south": {"uv": [14.5, 0.5, 12.5, 2], "texture": "#0"},
				"west": {"uv": [14.5, 0.5, 12.5, 2], "texture": "#0"},
				"up": {"uv": [14.5, 0.5, 12.5, 2], "texture": "#0"},
				"down": {"uv": [14.5, 0.5, 12.5, 2], "texture": "#0"}
			}
		},
		{
			"from": [2.5, 1.2, 5.5],
			"to": [5.5, 1.2, 10.5],
			"rotation": {"angle": 22.5, "axis": "z", "origin": [5.5, 1.2, 7]},
			"faces": {
				"north": {"uv": [14.5, 0, 16, 2.5], "texture": "#0"},
				"east": {"uv": [14.5, 0, 16, 2.5], "texture": "#0"},
				"south": {"uv": [14.5, 0, 16, 2.5], "texture": "#0"},
				"west": {"uv": [14.5, 0, 16, 2.5], "texture": "#0"},
				"up": {"uv": [14.5, 0, 16, 2.5], "texture": "#0"},
				"down": {"uv": [14.5, 0, 16, 2.5], "texture": "#0"}
			}
		},
		{
			"from": [-1.57612, -1.47878, 6.5],
			"to": [2.42388, -1.47878, 9.5],
			"rotation": {"angle": -22.5, "axis": "z", "origin": [6.42388, -1.47878, 7]},
			"faces": {
				"north": {"uv": [12.5, 0.5, 14.5, 2], "texture": "#0"},
				"east": {"uv": [12.5, 0.5, 14.5, 2], "texture": "#0"},
				"south": {"uv": [12.5, 0.5, 14.5, 2], "texture": "#0"},
				"west": {"uv": [12.5, 0.5, 14.5, 2], "texture": "#0"},
				"up": {"uv": [12.5, 0.5, 14.5, 2], "texture": "#0"},
				"down": {"uv": [12.5, 0.5, 14.5, 2], "texture": "#0"}
			}
		},
		{
			"from": [5.5, 1.2, 10.5],
			"to": [10.5, 1.2, 13.5],
			"rotation": {"angle": 22.5, "axis": "x", "origin": [6, 1.2, 10.5]},
			"faces": {
				"north": {"uv": [14.5, 0, 16, 2.5], "rotation": 270, "texture": "#0"},
				"east": {"uv": [14.5, 0, 16, 2.5], "rotation": 270, "texture": "#0"},
				"south": {"uv": [14.5, 0, 16, 2.5], "rotation": 270, "texture": "#0"},
				"west": {"uv": [14.5, 0, 16, 2.5], "rotation": 270, "texture": "#0"},
				"up": {"uv": [14.5, 0, 16, 2.5], "rotation": 270, "texture": "#0"},
				"down": {"uv": [16, 0, 14.5, 2.5], "rotation": 270, "texture": "#0"}
			}
		},
		{
			"from": [6.5, -1.0961, 13.5],
			"to": [9.5, -1.0961, 17.5],
			"rotation": {"angle": -22.5, "axis": "x", "origin": [6, -1.0961, 10.5]},
			"faces": {
				"north": {"uv": [12.5, 0.5, 14.5, 2], "rotation": 270, "texture": "#0"},
				"east": {"uv": [12.5, 0.5, 14.5, 2], "rotation": 270, "texture": "#0"},
				"south": {"uv": [12.5, 0.5, 14.5, 2], "rotation": 270, "texture": "#0"},
				"west": {"uv": [12.5, 0.5, 14.5, 2], "rotation": 270, "texture": "#0"},
				"up": {"uv": [12.5, 0.5, 14.5, 2], "rotation": 270, "texture": "#0"},
				"down": {"uv": [14.5, 0.5, 12.5, 2], "rotation": 270, "texture": "#0"}
			}
		},
		{
			"from": [5.5, 1.2, 2.5],
			"to": [10.5, 1.2, 5.5],
			"rotation": {"angle": -22.5, "axis": "x", "origin": [7, 1.2, 5.5]},
			"faces": {
				"north": {"uv": [14.5, 0, 16, 2.5], "rotation": 90, "texture": "#0"},
				"east": {"uv": [14.5, 0, 16, 2.5], "rotation": 90, "texture": "#0"},
				"south": {"uv": [14.5, 0, 16, 2.5], "rotation": 90, "texture": "#0"},
				"west": {"uv": [14.5, 0, 16, 2.5], "rotation": 90, "texture": "#0"},
				"up": {"uv": [14.5, 0, 16, 2.5], "rotation": 90, "texture": "#0"},
				"down": {"uv": [16, 0, 14.5, 2.5], "rotation": 90, "texture": "#0"}
			}
		},
		{
			"from": [6.5, 0.05195, -1.27164],
			"to": [9.5, 0.05195, 2.72836],
			"rotation": {"angle": 22.5, "axis": "x", "origin": [7, 0.05195, 2.72836]},
			"faces": {
				"north": {"uv": [12.5, 0.5, 14.5, 2], "rotation": 90, "texture": "#0"},
				"east": {"uv": [12.5, 0.5, 14.5, 2], "rotation": 90, "texture": "#0"},
				"south": {"uv": [12.5, 0.5, 14.5, 2], "rotation": 90, "texture": "#0"},
				"west": {"uv": [12.5, 0.5, 14.5, 2], "rotation": 90, "texture": "#0"},
				"up": {"uv": [12.5, 0.5, 14.5, 2], "rotation": 90, "texture": "#0"},
				"down": {"uv": [14.5, 0.5, 12.5, 2], "rotation": 90, "texture": "#0"}
			}
		}
	],
	"gui_light": "front",
	"display": {
		"thirdperson_righthand": {
			"rotation": [0, -180, 0],
			"translation": [0, 6.25, 0],
			"scale": [0.75, 0.75, 0.75]
		},
		"thirdperson_lefthand": {
			"rotation": [0, -180, 0],
			"translation": [0, 6.25, 0],
			"scale": [0.75, 0.75, 0.75]
		},
		"firstperson_righthand": {
			"rotation": [0, 140, 0],
			"translation": [1, 5.75, 0],
			"scale": [0.5, 0.5, 0.5]
		},
		"firstperson_lefthand": {
			"rotation": [0, 140, 0],
			"translation": [1, 5.75, 0],
			"scale": [0.5, 0.5, 0.5]
		},
		"gui": {
			"rotation": [6, 225, 0],
			"translation": [0, 0.75, 0]
		},
		"head": {
			"rotation": [0, -180, 0],
			"translation": [0, -25.5, 27.25],
			"scale": [2, 2, 2]
		}
	}
}