{
	"credit": "Made with Blockbench",
	"texture_size": [64, 64],
	"textures": {
		"0": "mk_maker:item/blooper",
		"particle": "mk_maker:item/blooper"
	},
	"elements": [
		{
			"from": [3.5, 3, 4],
			"to": [12.5, 12, 12],
			"faces": {
				"north": {"uv": [2, 2, 4.25, 4.25], "texture": "#0"},
				"east": {"uv": [0, 2, 2, 4.25], "texture": "#0"},
				"south": {"uv": [6.25, 2, 8.5, 4.25], "texture": "#0"},
				"west": {"uv": [4.25, 2, 6.25, 4.25], "texture": "#0"},
				"up": {"uv": [4.25, 2, 2, 0], "texture": "#0"},
				"down": {"uv": [6.5, 0, 4.25, 2], "texture": "#0"}
			}
		},
		{
			"from": [2.5, 7, 6],
			"to": [13.5, 13, 10],
			"faces": {
				"north": {"uv": [7.75, 8, 10.5, 9.5], "texture": "#0"},
				"east": {"uv": [6.75, 8, 7.75, 9.5], "texture": "#0"},
				"south": {"uv": [11.5, 8, 14.25, 9.5], "texture": "#0"},
				"west": {"uv": [10.5, 8, 11.5, 9.5], "texture": "#0"},
				"up": {"uv": [10.5, 8, 7.75, 7], "texture": "#0"},
				"down": {"uv": [13.25, 7, 10.5, 8], "texture": "#0"}
			}
		},
		{
			"from": [0.5, 7, 8],
			"to": [15.5, 20, 8],
			"faces": {
				"north": {"uv": [0, 4.5, 3.75, 7.75], "texture": "#0"},
				"east": {"uv": [0, 4.5, 0, 7.75], "texture": "#0"},
				"south": {"uv": [3.75, 4.5, 0, 7.75], "texture": "#0"},
				"west": {"uv": [3.75, 4.5, 3.75, 7.75], "texture": "#0"},
				"up": {"uv": [3.75, 4.5, 0, 4.5], "texture": "#0"},
				"down": {"uv": [7.5, 4.5, 3.75, 4.5], "texture": "#0"}
			}
		},
		{
			"from": [12.5, 2, 8],
			"to": [15.5, 6, 8],
			"faces": {
				"north": {"uv": [0, 0, 0.75, 1], "texture": "#0"},
				"east": {"uv": [0, 0, 0, 1], "texture": "#0"},
				"south": {"uv": [0.75, 0, 0, 1], "texture": "#0"},
				"west": {"uv": [0.75, 0, 0.75, 1], "texture": "#0"},
				"up": {"uv": [0.75, 0, 0, 0], "texture": "#0"},
				"down": {"uv": [1.5, 0, 0.75, 0], "texture": "#0"}
			}
		},
		{
			"from": [0.5, 2, 8],
			"to": [3.5, 6, 8],
			"faces": {
				"north": {"uv": [0.75, 0, 0, 1], "texture": "#0"},
				"east": {"uv": [0, 0, 0, 1], "texture": "#0"},
				"south": {"uv": [0, 0, 0.75, 1], "texture": "#0"},
				"west": {"uv": [0.75, 0, 0.75, 1], "texture": "#0"},
				"up": {"uv": [0.75, 0, 0, 0], "texture": "#0"},
				"down": {"uv": [1.5, 0, 0.75, 0], "texture": "#0"}
			}
		},
		{
			"from": [4, 13, 6],
			"to": [12, 15, 10],
			"faces": {
				"north": {"uv": [7.75, 1, 9.75, 1.5], "texture": "#0"},
				"east": {"uv": [6.75, 1, 7.75, 1.5], "texture": "#0"},
				"south": {"uv": [10.75, 1, 12.75, 1.5], "texture": "#0"},
				"west": {"uv": [9.75, 1, 10.75, 1.5], "texture": "#0"},
				"up": {"uv": [9.75, 1, 7.75, 0], "texture": "#0"},
				"down": {"uv": [11.75, 0, 9.75, 1], "texture": "#0"}
			}
		},
		{
			"from": [6, 15, 6],
			"to": [10, 17, 10],
			"faces": {
				"north": {"uv": [1, 9, 2, 9.5], "texture": "#0"},
				"east": {"uv": [0, 9, 1, 9.5], "texture": "#0"},
				"south": {"uv": [3, 9, 4, 9.5], "texture": "#0"},
				"west": {"uv": [2, 9, 3, 9.5], "texture": "#0"},
				"up": {"uv": [2, 9, 1, 8], "texture": "#0"},
				"down": {"uv": [3, 8, 2, 9], "texture": "#0"}
			}
		},
		{
			"from": [12.5, 0, 4],
			"to": [12.5, 3, 12],
			"faces": {
				"north": {"uv": [9.75, 4.5, 9.75, 5.25], "texture": "#0"},
				"east": {"uv": [7.75, 4.5, 9.75, 5.25], "texture": "#0"},
				"south": {"uv": [11.75, 4.5, 11.75, 5.25], "texture": "#0"},
				"west": {"uv": [9.75, 4.5, 7.75, 5.25], "texture": "#0"},
				"up": {"uv": [9.75, 4.5, 9.75, 2.5], "texture": "#0"},
				"down": {"uv": [9.75, 2.5, 9.75, 4.5], "texture": "#0"}
			}
		},
		{
			"from": [3.5, 0, 4],
			"to": [3.5, 3, 12],
			"faces": {
				"north": {"uv": [9.75, 4.5, 9.75, 5.25], "texture": "#0"},
				"east": {"uv": [7.75, 4.5, 9.75, 5.25], "texture": "#0"},
				"south": {"uv": [11.75, 4.5, 11.75, 5.25], "texture": "#0"},
				"west": {"uv": [9.75, 4.5, 7.75, 5.25], "texture": "#0"},
				"up": {"uv": [9.75, 4.5, 9.75, 2.5], "texture": "#0"},
				"down": {"uv": [9.75, 2.5, 9.75, 4.5], "texture": "#0"}
			}
		},
		{
			"from": [3.5, 0, 4],
			"to": [12.5, 3, 4],
			"faces": {
				"north": {"uv": [7.75, 5.5, 10, 6.25], "texture": "#0"},
				"east": {"uv": [7.75, 5.5, 7.75, 6.25], "texture": "#0"},
				"south": {"uv": [10, 5.5, 7.75, 6.25], "texture": "#0"},
				"west": {"uv": [10, 5.5, 10, 6.25], "texture": "#0"},
				"up": {"uv": [10, 5.5, 7.75, 5.5], "texture": "#0"},
				"down": {"uv": [12.25, 5.5, 10, 5.5], "texture": "#0"}
			}
		},
		{
			"from": [3.5, 0, 12],
			"to": [12.5, 3, 12],
			"faces": {
				"north": {"uv": [7.75, 5.5, 10, 6.25], "texture": "#0"},
				"east": {"uv": [7.75, 5.5, 7.75, 6.25], "texture": "#0"},
				"south": {"uv": [10, 5.5, 7.75, 6.25], "texture": "#0"},
				"west": {"uv": [10, 5.5, 10, 6.25], "texture": "#0"},
				"up": {"uv": [10, 5.5, 7.75, 5.5], "texture": "#0"},
				"down": {"uv": [12.25, 5.5, 10, 5.5], "texture": "#0"}
			}
		},
		{
			"from": [8.5, 7, 3.9],
			"to": [11.5, 10, 4.9],
			"faces": {
				"north": {"uv": [0.25, 10.75, 1.75, 12.25], "texture": "#0"},
				"east": {"uv": [0.25, 10.75, 1.75, 12.25], "texture": "#0"},
				"south": {"uv": [0.25, 10.75, 1.75, 12.25], "texture": "#0"},
				"west": {"uv": [0.25, 10.75, 1.75, 12.25], "texture": "#0"},
				"up": {"uv": [0.25, 10.75, 1.75, 12.25], "texture": "#0"},
				"down": {"uv": [0.25, 10.75, 1.75, 12.25], "texture": "#0"}
			}
		},
		{
			"from": [4.5, 7, 3.9],
			"to": [7.5, 10, 4.9],
			"faces": {
				"north": {"uv": [0.25, 10.75, 1.75, 12.25], "texture": "#0"},
				"east": {"uv": [0.25, 10.75, 1.75, 12.25], "texture": "#0"},
				"south": {"uv": [0.25, 10.75, 1.75, 12.25], "texture": "#0"},
				"west": {"uv": [0.25, 10.75, 1.75, 12.25], "texture": "#0"},
				"up": {"uv": [0.25, 10.75, 1.75, 12.25], "texture": "#0"},
				"down": {"uv": [0.25, 10.75, 1.75, 12.25], "texture": "#0"}
			}
		}
	],
	"gui_light": "front",
	"display": {
		"thirdperson_righthand": {
			"rotation": [0, -180, 0],
			"translation": [0, 3.25, 0],
			"scale": [0.75, 0.75, 0.75]
		},
		"thirdperson_lefthand": {
			"rotation": [0, -180, 0],
			"translation": [0, 3.25, 0],
			"scale": [0.75, 0.75, 0.75]
		},
		"firstperson_righthand": {
			"rotation": [0, 140, 0],
			"translation": [1, 4.25, 0],
			"scale": [0.4, 0.4, 0.4]
		},
		"firstperson_lefthand": {
			"rotation": [0, 140, 0],
			"translation": [1, 4.25, 0],
			"scale": [0.4, 0.4, 0.4]
		},
		"gui": {
			"rotation": [0, -180, 0],
			"translation": [0, -1.25, 0],
			"scale": [0.75, 0.75, 0.75]
		}
	},
	"groups": [
		0,
		1,
		2,
		3,
		4,
		5,
		6,
		{
			"name": "bottom",
			"origin": [0, 0, 0],
			"color": 0,
			"nbt": "{}",
			"armAnimationEnabled": false,
			"children": [7, 8, 9, 10]
		},
		11,
		12
	]
}