{
	"credit": "Made with Blockbench",
	"texture_size": [32, 32],
	"textures": {
		"0": "mk_maker:item/bob_omb",
		"particle": "mk_maker:item/bob_omb"
	},
	"elements": [
		{
			"from": [4, 0, 4],
			"to": [12, 8, 12],
			"faces": {
				"north": {"uv": [4, 4, 8, 8], "texture": "#0"},
				"east": {"uv": [0, 4, 4, 8], "texture": "#0"},
				"south": {"uv": [0, 4, 4, 8], "texture": "#0"},
				"west": {"uv": [0, 4, 4, 8], "texture": "#0"},
				"up": {"uv": [0, 4, 4, 8], "texture": "#0"},
				"down": {"uv": [0, 4, 4, 8], "texture": "#0"}
			}
		},
		{
			"from": [6, 8, 6],
			"to": [10, 9, 10],
			"faces": {
				"north": {"uv": [2, 10.5, 4, 11], "texture": "#0"},
				"east": {"uv": [0, 10.5, 2, 11], "texture": "#0"},
				"south": {"uv": [6, 10.5, 8, 11], "texture": "#0"},
				"west": {"uv": [4, 10.5, 6, 11], "texture": "#0"},
				"up": {"uv": [4, 10.5, 2, 8.5], "texture": "#0"},
				"down": {"uv": [6, 8.5, 4, 10.5], "texture": "#0"}
			}
		},
		{
			"from": [7.5, 9, 7.5],
			"to": [8.5, 11, 8.5],
			"faces": {
				"north": {"uv": [7, 9, 7.5, 10], "texture": "#0"},
				"east": {"uv": [6.5, 9, 7, 10], "texture": "#0"},
				"south": {"uv": [8, 9, 8.5, 10], "texture": "#0"},
				"west": {"uv": [7.5, 9, 8, 10], "texture": "#0"},
				"up": {"uv": [7.5, 9, 7, 8.5], "texture": "#0"},
				"down": {"uv": [8, 8.5, 7.5, 9], "texture": "#0"}
			}
		},
		{
			"from": [11.5, 0.01, 2],
			"to": [12.5, 1.01, 6],
			"rotation": {"angle": -22.5, "axis": "y", "origin": [12, 1, 4]},
			"faces": {
				"north": {"uv": [11, 14, 11.5, 14.5], "texture": "#0"},
				"east": {"uv": [9, 14, 11, 14.5], "texture": "#0"},
				"south": {"uv": [13.5, 14, 14, 14.5], "texture": "#0"},
				"west": {"uv": [11.5, 14, 13.5, 14.5], "texture": "#0"},
				"up": {"uv": [11.5, 14, 11, 12], "texture": "#0"},
				"down": {"uv": [12, 12, 11.5, 14], "texture": "#0"}
			}
		},
		{
			"from": [11, 0.01, 1],
			"to": [13, 2.01, 2],
			"rotation": {"angle": -22.5, "axis": "y", "origin": [12, 1, 4]},
			"faces": {
				"north": {"uv": [0.5, 0.5, 1.5, 1.5], "texture": "#0"},
				"east": {"uv": [0, 0.5, 0.5, 1.5], "texture": "#0"},
				"south": {"uv": [2, 0.5, 3, 1.5], "texture": "#0"},
				"west": {"uv": [1.5, 0.5, 2, 1.5], "texture": "#0"},
				"up": {"uv": [1.5, 0.5, 0.5, 0], "texture": "#0"},
				"down": {"uv": [2.5, 0, 1.5, 0.5], "texture": "#0"}
			}
		},
		{
			"from": [3.5, 0.01, 2],
			"to": [4.5, 1.01, 6],
			"rotation": {"angle": 22.5, "axis": "y", "origin": [4, 1, 4]},
			"faces": {
				"north": {"uv": [11, 14, 11.5, 14.5], "texture": "#0"},
				"east": {"uv": [9, 14, 11, 14.5], "texture": "#0"},
				"south": {"uv": [13.5, 14, 14, 14.5], "texture": "#0"},
				"west": {"uv": [11.5, 14, 13.5, 14.5], "texture": "#0"},
				"up": {"uv": [11.5, 14, 11, 12], "texture": "#0"},
				"down": {"uv": [12, 12, 11.5, 14], "texture": "#0"}
			}
		},
		{
			"from": [3, 0.01, 1],
			"to": [5, 2.01, 2],
			"rotation": {"angle": 22.5, "axis": "y", "origin": [4, 1, 4]},
			"faces": {
				"north": {"uv": [0.5, 0.5, 1.5, 1.5], "texture": "#0"},
				"east": {"uv": [0, 0.5, 0.5, 1.5], "texture": "#0"},
				"south": {"uv": [2, 0.5, 3, 1.5], "texture": "#0"},
				"west": {"uv": [1.5, 0.5, 2, 1.5], "texture": "#0"},
				"up": {"uv": [1.5, 0.5, 0.5, 0], "texture": "#0"},
				"down": {"uv": [2.5, 0, 1.5, 0.5], "texture": "#0"}
			}
		},
		{
			"from": [7.5, 3, 12],
			"to": [8.5, 5, 16],
			"faces": {
				"north": {"uv": [10.5, 10.5, 11, 11.5], "texture": "#0"},
				"east": {"uv": [8.5, 10.5, 10.5, 11.5], "texture": "#0"},
				"south": {"uv": [13, 10.5, 13.5, 11.5], "texture": "#0"},
				"west": {"uv": [11, 10.5, 13, 11.5], "texture": "#0"},
				"up": {"uv": [11, 10.5, 10.5, 8.5], "texture": "#0"},
				"down": {"uv": [11.5, 8.5, 11, 10.5], "texture": "#0"}
			}
		},
		{
			"from": [8, 1, 14],
			"to": [8, 7, 17],
			"faces": {
				"north": {"uv": [1.5, 13, 1.5, 16], "texture": "#0"},
				"east": {"uv": [0, 13, 1.5, 16], "texture": "#0"},
				"south": {"uv": [3, 13, 3, 16], "texture": "#0"},
				"west": {"uv": [1.5, 13, 0, 16], "texture": "#0"},
				"up": {"uv": [1.5, 13, 1.5, 11.5], "texture": "#0"},
				"down": {"uv": [1.5, 11.5, 1.5, 13], "texture": "#0"}
			}
		}
	],
	"gui_light": "front",
	"display": {
		"thirdperson_righthand": {
			"rotation": [0, -180, 0],
			"translation": [0, 6, 0],
			"scale": [0.75, 0.75, 0.75]
		},
		"thirdperson_lefthand": {
			"rotation": [0, -180, 0],
			"translation": [0, 6, 0],
			"scale": [0.75, 0.75, 0.75]
		},
		"firstperson_righthand": {
			"rotation": [0, 140, 0],
			"translation": [1, 5.75, 0],
			"scale": [0.5, 0.5, 0.5]
		},
		"firstperson_lefthand": {
			"rotation": [0, 140, 0],
			"translation": [1, 5.75, 0],
			"scale": [0.5, 0.5, 0.5]
		},
		"gui": {
			"rotation": [30, 225, 0],
			"translation": [-0.75, 3.5, 0],
			"scale": [0.9, 0.9, 0.9]
		}
	},
	"groups": [
		0,
		1,
		2,
		{
			"name": "leg1",
			"origin": [0, 0, 0],
			"color": 0,
			"nbt": "{}",
			"armAnimationEnabled": false,
			"children": [3, 4]
		},
		{
			"name": "leg1",
			"origin": [0, 0, 0],
			"color": 0,
			"nbt": "{}",
			"armAnimationEnabled": false,
			"children": [5, 6]
		},
		{
			"name": "back",
			"origin": [0, 0, 0],
			"color": 0,
			"nbt": "{}",
			"armAnimationEnabled": false,
			"children": [7, 8]
		}
	]
}