{
	"credit": "Made with Blockbench",
	"texture_size": [64, 64],
	"textures": {
		"0": "mk_maker:item/boo",
		"particle": "mk_maker:item/boo"
	},
	"elements": [
		{
			"name": "base",
			"from": [3, 2, 3],
			"to": [13, 12, 13],
			"rotation": {"angle": 0, "axis": "y", "origin": [0, 2, 0]},
			"faces": {
				"north": {"uv": [2.5, 2.5, 5, 5], "texture": "#0"},
				"east": {"uv": [0, 2.5, 2.5, 5], "texture": "#0"},
				"south": {"uv": [7.5, 2.5, 10, 5], "texture": "#0"},
				"west": {"uv": [5, 2.5, 7.5, 5], "texture": "#0"},
				"up": {"uv": [5, 2.5, 2.5, 0], "texture": "#0"},
				"down": {"uv": [7.5, 0, 5, 2.5], "texture": "#0"}
			}
		},
		{
			"name": "leftarm",
			"from": [0, 4, 6],
			"to": [4, 8, 10],
			"rotation": {"angle": 22.5, "axis": "z", "origin": [3, 5, 8]},
			"faces": {
				"north": {"uv": [1, 6.25, 2, 7.25], "texture": "#0"},
				"east": {"uv": [0, 6.25, 1, 7.25], "texture": "#0"},
				"south": {"uv": [3, 6.25, 4, 7.25], "texture": "#0"},
				"west": {"uv": [2, 6.25, 3, 7.25], "texture": "#0"},
				"up": {"uv": [2, 6.25, 1, 5.25], "texture": "#0"},
				"down": {"uv": [3, 5.25, 2, 6.25], "texture": "#0"}
			}
		},
		{
			"name": "rightarm",
			"from": [12, 4, 6],
			"to": [16, 8, 10],
			"shade": false,
			"rotation": {"angle": -22.5, "axis": "z", "origin": [13, 5, 8]},
			"faces": {
				"north": {"uv": [2, 6.25, 1, 7.25], "texture": "#0"},
				"east": {"uv": [3, 6.25, 2, 7.25], "texture": "#0"},
				"south": {"uv": [4, 6.25, 3, 7.25], "texture": "#0"},
				"west": {"uv": [1, 6.25, 0, 7.25], "texture": "#0"},
				"up": {"uv": [1, 6.25, 2, 5.25], "texture": "#0"},
				"down": {"uv": [2, 5.25, 3, 6.25], "texture": "#0"}
			}
		},
		{
			"name": "tongue",
			"from": [6.5, 0, 3],
			"to": [9.5, 7, 3],
			"rotation": {"angle": 22.5, "axis": "x", "origin": [8, 4, 3]},
			"faces": {
				"north": {"uv": [0, 0, 0.75, 1.75], "texture": "#0"},
				"east": {"uv": [0, 0, 0.75, 1.75], "texture": "#0"},
				"south": {"uv": [0, 0, 0.75, 1.75], "texture": "#0"},
				"west": {"uv": [0, 0, 0.75, 1.75], "texture": "#0"},
				"up": {"uv": [0, 0, 0.75, 1.75], "texture": "#0"},
				"down": {"uv": [0, 0, 0.75, 1.75], "texture": "#0"}
			}
		}
	],
	"gui_light": "front",
	"display": {
		"thirdperson_righthand": {
			"rotation": [-19, -180, 0],
			"translation": [0, 4, 0],
			"scale": [0.7, 0.7, 0.7]
		},
		"thirdperson_lefthand": {
			"rotation": [-19, -180, 0],
			"translation": [0, 4, 0],
			"scale": [0.7, 0.7, 0.7]
		},
		"firstperson_righthand": {
			"rotation": [0, 140, 0],
			"translation": [1, 4.25, 0],
			"scale": [0.4, 0.4, 0.4]
		},
		"firstperson_lefthand": {
			"rotation": [0, 140, 0],
			"translation": [1, 4.25, 0],
			"scale": [0.4, 0.4, 0.4]
		},
		"gui": {
			"rotation": [0, -180, 0],
			"translation": [0, 1.25, 0],
			"scale": [0.88, 0.88, 0.88]
		}
	}
}