{
	"credit": "Made with Blockbench",
	"texture_size": [64, 64],
	"textures": {
		"0": "mk_maker:item/golden_mushroom",
		"particle": "mk_maker:item/golden_mushroom"
	},
	"elements": [
		{
			"from": [4, 0, 4],
			"to": [12, 3, 12],
			"faces": {
				"north": {"uv": [2, 6.25, 4, 7], "texture": "#0"},
				"east": {"uv": [0, 6.25, 2, 7], "texture": "#0"},
				"south": {"uv": [6, 6.25, 8, 7], "texture": "#0"},
				"west": {"uv": [4, 6.25, 6, 7], "texture": "#0"},
				"up": {"uv": [4, 6.25, 2, 4.25], "texture": "#0"},
				"down": {"uv": [6, 4.25, 4, 6.25], "texture": "#0"}
			}
		},
		{
			"from": [9, 0.5, 3.9],
			"to": [10.5, 3, 3.9],
			"faces": {
				"north": {"uv": [0, 0, 0.5, 0.75], "texture": "#0"},
				"east": {"uv": [0, 0, 0, 0.75], "texture": "#0"},
				"south": {"uv": [0.5, 0, 0, 0.75], "texture": "#0"},
				"west": {"uv": [0.5, 0, 0.5, 0.75], "texture": "#0"},
				"up": {"uv": [0.5, 0, 0, 0], "texture": "#0"},
				"down": {"uv": [1, 0, 0.5, 0], "texture": "#0"}
			}
		},
		{
			"from": [5.5, 0.5, 3.9],
			"to": [7, 3, 3.9],
			"faces": {
				"north": {"uv": [0, 0, 0.5, 0.75], "texture": "#0"},
				"east": {"uv": [0, 0, 0, 0.75], "texture": "#0"},
				"south": {"uv": [0.5, 0, 0, 0.75], "texture": "#0"},
				"west": {"uv": [0.5, 0, 0.5, 0.75], "texture": "#0"},
				"up": {"uv": [0.5, 0, 0, 0], "texture": "#0"},
				"down": {"uv": [1, 0, 0.5, 0], "texture": "#0"}
			}
		},
		{
			"from": [4, 9, 4],
			"to": [12, 10, 12],
			"faces": {
				"north": {"uv": [8.25, 7.25, 10.25, 7.5], "texture": "#0"},
				"east": {"uv": [6.25, 7.25, 8.25, 7.5], "texture": "#0"},
				"south": {"uv": [12.25, 7.25, 14.25, 7.5], "texture": "#0"},
				"west": {"uv": [10.25, 7.25, 12.25, 7.5], "texture": "#0"},
				"up": {"uv": [10.25, 7.25, 8.25, 5.25], "texture": "#0"},
				"down": {"uv": [12.25, 5.25, 10.25, 7.25], "texture": "#0"}
			}
		},
		{
			"from": [4, 3, 3],
			"to": [12, 9, 13],
			"faces": {
				"north": {"uv": [2.5, 2.5, 4.5, 4], "texture": "#0"},
				"east": {"uv": [0, 2.5, 2.5, 4], "texture": "#0"},
				"south": {"uv": [7, 2.5, 9, 4], "texture": "#0"},
				"west": {"uv": [4.5, 2.5, 7, 4], "texture": "#0"},
				"up": {"uv": [4.5, 2.5, 2.5, 0], "texture": "#0"},
				"down": {"uv": [6.5, 0, 4.5, 2.5], "texture": "#0"}
			}
		},
		{
			"from": [12, 3, 4],
			"to": [13, 9, 12],
			"faces": {
				"north": {"uv": [6.75, 9.75, 7, 11.25], "texture": "#0"},
				"east": {"uv": [4.75, 9.75, 6.75, 11.25], "texture": "#0"},
				"south": {"uv": [9, 9.75, 9.25, 11.25], "texture": "#0"},
				"west": {"uv": [7, 9.75, 9, 11.25], "texture": "#0"},
				"up": {"uv": [7, 9.75, 6.75, 7.75], "texture": "#0"},
				"down": {"uv": [7.25, 7.75, 7, 9.75], "texture": "#0"}
			}
		},
		{
			"from": [3, 3, 4],
			"to": [4, 9, 12],
			"faces": {
				"north": {"uv": [2, 9.25, 2.25, 10.75], "texture": "#0"},
				"east": {"uv": [0, 9.25, 2, 10.75], "texture": "#0"},
				"south": {"uv": [4.25, 9.25, 4.5, 10.75], "texture": "#0"},
				"west": {"uv": [2.25, 9.25, 4.25, 10.75], "texture": "#0"},
				"up": {"uv": [2.25, 9.25, 2, 7.25], "texture": "#0"},
				"down": {"uv": [2.5, 7.25, 2.25, 9.25], "texture": "#0"}
			}
		},
		{
			"from": [5.5, 10, 5.5],
			"to": [10.5, 15, 5.5],
			"faces": {
				"north": {"uv": [0.75, 0, 2, 1.25], "texture": "#0"},
				"east": {"uv": [0.75, 0, 2, 1.25], "texture": "#0"},
				"south": {"uv": [0.75, 0, 2, 1.25], "texture": "#0"},
				"west": {"uv": [0.75, 0, 2, 1.25], "texture": "#0"},
				"up": {"uv": [0.75, 0, 2, 1.25], "texture": "#0"},
				"down": {"uv": [0.75, 0, 2, 1.25], "texture": "#0"}
			}
		},
		{
			"from": [7, 11, 5.4],
			"to": [9, 13, 5.4],
			"faces": {
				"north": {"uv": [0, 1, 0.5, 1.5], "texture": "#0"},
				"east": {"uv": [0, 1, 0.5, 1.5], "texture": "#0"},
				"south": {"uv": [0, 1, 0.5, 1.5], "texture": "#0"},
				"west": {"uv": [0, 1, 0.5, 1.5], "texture": "#0"},
				"up": {"uv": [0, 1, 0.5, 1.5], "texture": "#0"},
				"down": {"uv": [0, 1, 0.5, 1.5], "texture": "#0"}
			}
		},
		{
			"from": [10.6, 11, 6.9],
			"to": [10.6, 13, 8.9],
			"faces": {
				"north": {"uv": [0, 1, 0.5, 1.5], "texture": "#0"},
				"east": {"uv": [0, 1, 0.5, 1.5], "texture": "#0"},
				"south": {"uv": [0, 1, 0.5, 1.5], "texture": "#0"},
				"west": {"uv": [0, 1, 0.5, 1.5], "texture": "#0"},
				"up": {"uv": [0, 1, 0.5, 1.5], "texture": "#0"},
				"down": {"uv": [0, 1, 0.5, 1.5], "texture": "#0"}
			}
		},
		{
			"from": [5.4, 11, 6.9],
			"to": [5.4, 13, 8.9],
			"faces": {
				"north": {"uv": [0, 1, 0.5, 1.5], "texture": "#0"},
				"east": {"uv": [0, 1, 0.5, 1.5], "texture": "#0"},
				"south": {"uv": [0, 1, 0.5, 1.5], "texture": "#0"},
				"west": {"uv": [0, 1, 0.5, 1.5], "texture": "#0"},
				"up": {"uv": [0, 1, 0.5, 1.5], "texture": "#0"},
				"down": {"uv": [0, 1, 0.5, 1.5], "texture": "#0"}
			}
		},
		{
			"from": [7, 11, 10.6],
			"to": [9, 13, 10.6],
			"faces": {
				"north": {"uv": [0, 1, 0.5, 1.5], "texture": "#0"},
				"east": {"uv": [0, 1, 0.5, 1.5], "texture": "#0"},
				"south": {"uv": [0, 1, 0.5, 1.5], "texture": "#0"},
				"west": {"uv": [0, 1, 0.5, 1.5], "texture": "#0"},
				"up": {"uv": [0, 1, 0.5, 1.5], "texture": "#0"},
				"down": {"uv": [0, 1, 0.5, 1.5], "texture": "#0"}
			}
		},
		{
			"from": [5.5, 10, 10.5],
			"to": [10.5, 15, 10.5],
			"faces": {
				"north": {"uv": [0.75, 0, 2, 1.25], "texture": "#0"},
				"east": {"uv": [0.75, 0, 2, 1.25], "texture": "#0"},
				"south": {"uv": [0.75, 0, 2, 1.25], "texture": "#0"},
				"west": {"uv": [0.75, 0, 2, 1.25], "texture": "#0"},
				"up": {"uv": [0.75, 0, 2, 1.25], "texture": "#0"},
				"down": {"uv": [0.75, 0, 2, 1.25], "texture": "#0"}
			}
		},
		{
			"from": [10.5, 10, 5.5],
			"to": [10.5, 15, 10.5],
			"faces": {
				"north": {"uv": [0.75, 0, 2, 1.25], "texture": "#0"},
				"east": {"uv": [0.75, 0, 2, 1.25], "texture": "#0"},
				"south": {"uv": [0.75, 0, 2, 1.25], "texture": "#0"},
				"west": {"uv": [0.75, 0, 2, 1.25], "texture": "#0"},
				"up": {"uv": [0.75, 0, 2, 1.25], "texture": "#0"},
				"down": {"uv": [0.75, 0, 2, 1.25], "texture": "#0"}
			}
		},
		{
			"from": [5.5, 10, 5.5],
			"to": [5.5, 15, 10.5],
			"faces": {
				"north": {"uv": [0.75, 0, 2, 1.25], "texture": "#0"},
				"east": {"uv": [0.75, 0, 2, 1.25], "texture": "#0"},
				"south": {"uv": [0.75, 0, 2, 1.25], "texture": "#0"},
				"west": {"uv": [0.75, 0, 2, 1.25], "texture": "#0"},
				"up": {"uv": [0.75, 0, 2, 1.25], "texture": "#0"},
				"down": {"uv": [0.75, 0, 2, 1.25], "texture": "#0"}
			}
		}
	],
	"gui_light": "front",
	"display": {
		"thirdperson_righthand": {
			"rotation": [0, -180, 0],
			"translation": [0, 6, 0],
			"scale": [0.75, 0.75, 0.75]
		},
		"thirdperson_lefthand": {
			"rotation": [0, -180, 0],
			"translation": [0, 6, 0],
			"scale": [0.75, 0.75, 0.75]
		},
		"firstperson_righthand": {
			"rotation": [0, 140, 0],
			"translation": [1, 5.75, 0],
			"scale": [0.5, 0.5, 0.5]
		},
		"firstperson_lefthand": {
			"rotation": [0, 140, 0],
			"translation": [1, 5.75, 0],
			"scale": [0.5, 0.5, 0.5]
		},
		"gui": {
			"rotation": [0, -180, 0],
			"translation": [0, 0.5, 0]
		}
	},
	"groups": [
		0,
		1,
		2,
		3,
		4,
		5,
		6,
		{
			"name": "crown",
			"origin": [8, 8, 8],
			"color": 0,
			"nbt": "{}",
			"armAnimationEnabled": false,
			"children": [7, 8, 9, 10, 11, 12, 13, 14]
		}
	]
}