{
	"credit": "Made with Blockbench",
	"texture_size": [64, 64],
	"textures": {
		"0": "mk_maker:item/green_shell",
		"particle": "mk_maker:item/green_shell"
	},
	"elements": [
		{
			"from": [4, 0, 4],
			"to": [12, 2, 12],
			"faces": {
				"north": {"uv": [2, 2.75, 4, 3.25], "texture": "#0"},
				"east": {"uv": [0, 2.75, 2, 3.25], "texture": "#0"},
				"south": {"uv": [6, 2.75, 8, 3.25], "texture": "#0"},
				"west": {"uv": [4, 2.75, 6, 3.25], "texture": "#0"},
				"up": {"uv": [4, 2.75, 2, 0.75], "texture": "#0"},
				"down": {"uv": [6, 0.75, 4, 2.75], "texture": "#0"}
			}
		},
		{
			"from": [3, 2, 3],
			"to": [13, 3, 13],
			"faces": {
				"north": {"uv": [8.5, 2.5, 11, 2.75], "texture": "#0"},
				"east": {"uv": [6, 2.5, 8.5, 2.75], "texture": "#0"},
				"south": {"uv": [13.5, 2.5, 16, 2.75], "texture": "#0"},
				"west": {"uv": [11, 2.5, 13.5, 2.75], "texture": "#0"},
				"up": {"uv": [11, 2.5, 8.5, 0], "texture": "#0"},
				"down": {"uv": [13.5, 0, 11, 2.5], "texture": "#0"}
			}
		},
		{
			"from": [3.5, 3, 3.5],
			"to": [12.5, 6, 12.5],
			"faces": {
				"north": {"uv": [2.25, 12.25, 4.5, 13], "texture": "#0"},
				"east": {"uv": [0, 12.25, 2.25, 13], "texture": "#0"},
				"south": {"uv": [6.75, 12.25, 9, 13], "texture": "#0"},
				"west": {"uv": [4.5, 12.25, 6.75, 13], "texture": "#0"},
				"up": {"uv": [4.5, 12.25, 2.25, 10], "texture": "#0"},
				"down": {"uv": [6.75, 10, 4.5, 12.25], "texture": "#0"}
			}
		}
	],
	"gui_light": "front",
	"display": {
		"thirdperson_righthand": {
			"rotation": [0, -180, 0],
			"translation": [0, 6, 0],
			"scale": [0.75, 0.75, 0.75]
		},
		"thirdperson_lefthand": {
			"rotation": [0, -180, 0],
			"translation": [0, 6, 0],
			"scale": [0.75, 0.75, 0.75]
		},
		"firstperson_righthand": {
			"rotation": [0, 140, 0],
			"translation": [1, 5.75, 0],
			"scale": [0.5, 0.5, 0.5]
		},
		"firstperson_lefthand": {
			"rotation": [0, 140, 0],
			"translation": [1, 5.75, 0],
			"scale": [0.5, 0.5, 0.5]
		},
		"gui": {
			"rotation": [15, 225, 0],
			"translation": [0, 4.5, 0]
		},
		"head": {
			"rotation": [0, -180, 0],
			"translation": [0, -25.5, 0],
			"scale": [2, 2, 2]
		}
	}
}