{
	"credit": "Made with Blockbench",
	"texture_size": [32, 32],
	"textures": {
		"0": "mk_maker:item/super_star",
		"particle": "mk_maker:item/super_star"
	},
	"elements": [
		{
			"from": [5, 2.5, 6.5],
			"to": [11, 8.5, 9.5],
			"faces": {
				"north": {"uv": [1.5, 8, 4.5, 11], "texture": "#0"},
				"east": {"uv": [0, 8, 1.5, 11], "texture": "#0"},
				"south": {"uv": [6, 8, 9, 11], "texture": "#0"},
				"west": {"uv": [4.5, 8, 6, 11], "texture": "#0"},
				"up": {"uv": [4.5, 8, 1.5, 6.5], "texture": "#0"},
				"down": {"uv": [7.5, 6.5, 4.5, 8], "texture": "#0"}
			}
		},
		{
			"from": [1.5, 0, 8],
			"to": [14.5, 12, 8],
			"faces": {
				"north": {"uv": [0, 0, 6.5, 6], "texture": "#0"},
				"east": {"uv": [0, 0, 0, 6], "texture": "#0"},
				"south": {"uv": [6.5, 0, 0, 6], "texture": "#0"},
				"west": {"uv": [6.5, 0, 6.5, 6], "texture": "#0"},
				"up": {"uv": [6.5, 0, 0, 0], "texture": "#0"},
				"down": {"uv": [13, 0, 6.5, 0], "texture": "#0"}
			}
		},
		{
			"from": [8.75, 5, 6.4],
			"to": [10, 7.25, 6.4],
			"faces": {
				"north": {"uv": [7.5, 2, 8.5, 4], "texture": "#0"},
				"east": {"uv": [7.5, 2, 8.5, 4], "texture": "#0"},
				"south": {"uv": [8.5, 2, 7.5, 4], "texture": "#0"},
				"west": {"uv": [7.5, 2, 8.5, 4], "texture": "#0"},
				"up": {"uv": [7.5, 2, 8.5, 4], "texture": "#0"},
				"down": {"uv": [7.5, 2, 8.5, 4], "texture": "#0"}
			}
		},
		{
			"from": [6.25, 5, 6.4],
			"to": [7.5, 7.25, 6.4],
			"faces": {
				"north": {"uv": [7.5, 2, 8.5, 4], "texture": "#0"},
				"east": {"uv": [7.5, 2, 8.5, 4], "texture": "#0"},
				"south": {"uv": [8.5, 2, 7.5, 4], "texture": "#0"},
				"west": {"uv": [7.5, 2, 8.5, 4], "texture": "#0"},
				"up": {"uv": [7.5, 2, 8.5, 4], "texture": "#0"},
				"down": {"uv": [7.5, 2, 8.5, 4], "texture": "#0"}
			}
		},
		{
			"from": [10, 1.5, 7],
			"to": [12, 3.5, 9],
			"faces": {
				"north": {"uv": [1, 12.5, 2, 13.5], "texture": "#0"},
				"east": {"uv": [0, 12.5, 1, 13.5], "texture": "#0"},
				"south": {"uv": [3, 12.5, 4, 13.5], "texture": "#0"},
				"west": {"uv": [2, 12.5, 3, 13.5], "texture": "#0"},
				"up": {"uv": [2, 12.5, 1, 11.5], "texture": "#0"},
				"down": {"uv": [3, 11.5, 2, 12.5], "texture": "#0"}
			}
		},
		{
			"from": [4, 1.5, 7],
			"to": [6, 3.5, 9],
			"faces": {
				"north": {"uv": [5.5, 12.5, 6.5, 13.5], "texture": "#0"},
				"east": {"uv": [4.5, 12.5, 5.5, 13.5], "texture": "#0"},
				"south": {"uv": [7.5, 12.5, 8.5, 13.5], "texture": "#0"},
				"west": {"uv": [6.5, 12.5, 7.5, 13.5], "texture": "#0"},
				"up": {"uv": [6.5, 12.5, 5.5, 11.5], "texture": "#0"},
				"down": {"uv": [7.5, 11.5, 6.5, 12.5], "texture": "#0"}
			}
		},
		{
			"from": [11, 6.5, 7],
			"to": [13, 8.5, 9],
			"faces": {
				"north": {"uv": [10.5, 10, 11.5, 11], "texture": "#0"},
				"east": {"uv": [9.5, 10, 10.5, 11], "texture": "#0"},
				"south": {"uv": [12.5, 10, 13.5, 11], "texture": "#0"},
				"west": {"uv": [11.5, 10, 12.5, 11], "texture": "#0"},
				"up": {"uv": [11.5, 10, 10.5, 9], "texture": "#0"},
				"down": {"uv": [12.5, 9, 11.5, 10], "texture": "#0"}
			}
		},
		{
			"from": [3, 6.5, 7],
			"to": [5, 8.5, 9],
			"faces": {
				"north": {"uv": [10.5, 12.5, 11.5, 13.5], "texture": "#0"},
				"east": {"uv": [9.5, 12.5, 10.5, 13.5], "texture": "#0"},
				"south": {"uv": [12.5, 12.5, 13.5, 13.5], "texture": "#0"},
				"west": {"uv": [11.5, 12.5, 12.5, 13.5], "texture": "#0"},
				"up": {"uv": [11.5, 12.5, 10.5, 11.5], "texture": "#0"},
				"down": {"uv": [12.5, 11.5, 11.5, 12.5], "texture": "#0"}
			}
		},
		{
			"from": [7, 8.5, 7],
			"to": [9, 10.5, 9],
			"faces": {
				"north": {"uv": [10.5, 7.5, 11.5, 8.5], "texture": "#0"},
				"east": {"uv": [9.5, 7.5, 10.5, 8.5], "texture": "#0"},
				"south": {"uv": [12.5, 7.5, 13.5, 8.5], "texture": "#0"},
				"west": {"uv": [11.5, 7.5, 12.5, 8.5], "texture": "#0"},
				"up": {"uv": [11.5, 7.5, 10.5, 6.5], "texture": "#0"},
				"down": {"uv": [12.5, 6.5, 11.5, 7.5], "texture": "#0"}
			}
		}
	],
	"gui_light": "front",
	"display": {
		"thirdperson_righthand": {
			"rotation": [0, -180, 0],
			"translation": [0, 4.25, 0],
			"scale": [0.75, 0.75, 0.75]
		},
		"thirdperson_lefthand": {
			"rotation": [0, -180, 0],
			"translation": [0, 4.25, 0],
			"scale": [0.75, 0.75, 0.75]
		},
		"firstperson_righthand": {
			"rotation": [0, 140, 0],
			"translation": [1, 5.75, 0],
			"scale": [0.65, 0.65, 0.65]
		},
		"firstperson_lefthand": {
			"rotation": [0, 140, 0],
			"translation": [1, 5.75, 0],
			"scale": [0.65, 0.65, 0.65]
		},
		"gui": {
			"rotation": [0, 180, 0],
			"translation": [0, 2, 0],
			"scale": [1.2, 1.2, 1.2]
		}
	}
}