{
	"credit": "Made with Blockbench",
	"texture_size": [64, 64],
	"textures": {
		"0": "mk_maker:vehicle/kart",
		"particle": "mk_maker:vehicle/kart"
	},
	"elements": [
		{
			"from": [4, 1, 0],
			"to": [12, 3, 16],
			"rotation": {"angle": 0, "axis": "y", "origin": [8, 2, 8]},
			"faces": {
				"east": {"uv": [3, 0, 2.5, 4], "rotation": 270, "texture": "#0"},
				"west": {"uv": [0.5, 0, 0, 4], "rotation": 90, "texture": "#0"},
				"up": {"uv": [0.5, 4, 2.5, 0], "texture": "#0"},
				"down": {"uv": [5, 0, 3, 4], "texture": "#0"}
			}
		},
		{
			"from": [2, 1, -3],
			"to": [14, 3, 0],
			"rotation": {"angle": 0, "axis": "y", "origin": [8, 2, -1.5]},
			"faces": {
				"north": {"uv": [5.75, 0.75, 8.75, 1.25], "texture": "#0"},
				"east": {"uv": [5, 0.75, 5.75, 1.25], "texture": "#0"},
				"south": {"uv": [9.5, 0.75, 12.5, 1.25], "texture": "#0"},
				"west": {"uv": [8.75, 0.75, 9.5, 1.25], "texture": "#0"},
				"up": {"uv": [8.75, 0.75, 5.75, 0], "texture": "#0"},
				"down": {"uv": [11.75, 0, 8.75, 0.75], "texture": "#0"}
			}
		},
		{
			"from": [4.01, -0.99, -1.99],
			"to": [11.99, 2.99, 3.99],
			"rotation": {"angle": -45, "axis": "x", "origin": [8, 3, -2]},
			"faces": {
				"east": {"uv": [10, 2.25, 11, 3.75], "rotation": 90, "texture": "#0"},
				"south": {"uv": [5, 1.25, 7, 2.25], "texture": "#0"},
				"west": {"uv": [7, 2.25, 8, 3.75], "rotation": 90, "texture": "#0"},
				"up": {"uv": [7, 3.75, 5, 2.25], "texture": "#0"},
				"down": {"uv": [10, 2.25, 8, 3.75], "texture": "#0"}
			}
		},
		{
			"from": [5, 3, 3.5],
			"to": [11, 9, 4.5],
			"rotation": {"angle": -45, "axis": "x", "origin": [8, 6, 3.5]},
			"faces": {
				"north": {"uv": [12.75, 0.25, 14.25, 1.75], "texture": "#0"},
				"east": {"uv": [12.5, 0.25, 12.75, 1.75], "texture": "#0"},
				"south": {"uv": [14.5, 0.25, 16, 1.75], "texture": "#0"},
				"west": {"uv": [14.25, 0.25, 14.5, 1.75], "texture": "#0"},
				"up": {"uv": [14.25, 0.25, 12.75, 0], "texture": "#0"},
				"down": {"uv": [15.75, 0, 14.25, 0.25], "texture": "#0"}
			}
		},
		{
			"from": [2, 1, 16],
			"to": [14, 4, 18],
			"rotation": {"angle": 0, "axis": "y", "origin": [8, 2.5, 17]},
			"faces": {
				"north": {"uv": [0.5, 15.25, 3.5, 16], "texture": "#0"},
				"east": {"uv": [0, 15.25, 0.5, 16], "texture": "#0"},
				"south": {"uv": [4, 15.25, 7, 16], "texture": "#0"},
				"west": {"uv": [3.5, 15.25, 4, 16], "texture": "#0"},
				"up": {"uv": [3.5, 15.25, 0.5, 14.75], "texture": "#0"},
				"down": {"uv": [6.5, 14.75, 3.5, 15.25], "texture": "#0"}
			}
		},
		{
			"from": [4, 3, 11],
			"to": [12, 6, 16],
			"rotation": {"angle": 0, "axis": "y", "origin": [8, 4.5, 13.5]},
			"faces": {
				"north": {"uv": [1.25, 14, 3.25, 14.75], "texture": "#0"},
				"east": {"uv": [0, 14, 1.25, 14.75], "texture": "#0"},
				"south": {"uv": [4.5, 14, 6.5, 14.75], "texture": "#0"},
				"west": {"uv": [3.25, 14, 4.5, 14.75], "texture": "#0"},
				"up": {"uv": [3.25, 14, 1.25, 12.75], "texture": "#0"}
			}
		},
		{
			"from": [5, 4, 15],
			"to": [7, 6, 19],
			"rotation": {"angle": -22.5, "axis": "x", "origin": [6, 5, 15]},
			"faces": {
				"east": {"uv": [12, 15, 12.5, 16], "rotation": 90, "texture": "#0"},
				"south": {"uv": [12.5, 14.5, 13, 15], "texture": "#0"},
				"west": {"uv": [13, 15, 13.5, 16], "rotation": 90, "texture": "#0"},
				"up": {"uv": [13, 16, 12.5, 15], "texture": "#0"},
				"down": {"uv": [14, 15, 13.5, 16], "texture": "#0"}
			}
		},
		{
			"from": [9, 4, 15],
			"to": [11, 6, 19],
			"rotation": {"angle": -22.5, "axis": "x", "origin": [6, 5, 15]},
			"faces": {
				"east": {"uv": [14, 15, 14.5, 16], "rotation": 90, "texture": "#0"},
				"south": {"uv": [14.5, 14.5, 15, 15], "texture": "#0"},
				"west": {"uv": [15, 15, 15.5, 16], "rotation": 90, "texture": "#0"},
				"up": {"uv": [15, 16, 14.5, 15], "texture": "#0"},
				"down": {"uv": [16, 15, 15.5, 16], "texture": "#0"}
			}
		},
		{
			"from": [1, 0, 1],
			"to": [4, 4, 5],
			"rotation": {"angle": 0, "axis": "y", "origin": [8, 2, 8]},
			"faces": {
				"north": {"uv": [7.75, 14.25, 8.5, 15.25], "texture": "#0"},
				"east": {"uv": [10.25, 14.25, 11.25, 15.25], "texture": "#0"},
				"south": {"uv": [9.5, 14.25, 10.25, 15.25], "texture": "#0"},
				"west": {"uv": [8.5, 14.25, 9.5, 15.25], "texture": "#0"},
				"up": {"uv": [9.5, 14.25, 8.5, 13.5], "rotation": 90, "texture": "#0"},
				"down": {"uv": [8.5, 16, 9.5, 15.25], "rotation": 90, "texture": "#0"}
			}
		},
		{
			"from": [12, 0, 1],
			"to": [15, 4, 5],
			"rotation": {"angle": 0, "axis": "y", "origin": [8, 2, 8]},
			"faces": {
				"north": {"uv": [7.75, 14.25, 8.5, 15.25], "texture": "#0"},
				"east": {"uv": [8.5, 14.25, 9.5, 15.25], "texture": "#0"},
				"south": {"uv": [9.5, 14.25, 10.25, 15.25], "texture": "#0"},
				"west": {"uv": [10.25, 14.25, 11.25, 15.25], "texture": "#0"},
				"up": {"uv": [9.5, 14.25, 8.5, 13.5], "rotation": 90, "texture": "#0"},
				"down": {"uv": [8.5, 16, 9.5, 15.25], "rotation": 90, "texture": "#0"}
			}
		},
		{
			"from": [1, 0, 11],
			"to": [4, 4, 15],
			"rotation": {"angle": 0, "axis": "y", "origin": [8, 2, 8]},
			"faces": {
				"north": {"uv": [7.75, 14.25, 8.5, 15.25], "texture": "#0"},
				"east": {"uv": [10.25, 14.25, 11.25, 15.25], "texture": "#0"},
				"south": {"uv": [9.5, 14.25, 10.25, 15.25], "texture": "#0"},
				"west": {"uv": [8.5, 14.25, 9.5, 15.25], "texture": "#0"},
				"up": {"uv": [9.5, 14.25, 8.5, 13.5], "rotation": 90, "texture": "#0"},
				"down": {"uv": [8.5, 16, 9.5, 15.25], "rotation": 90, "texture": "#0"}
			}
		},
		{
			"from": [12, 0, 11],
			"to": [15, 4, 15],
			"rotation": {"angle": 0, "axis": "y", "origin": [8, 2, 8]},
			"faces": {
				"north": {"uv": [7.75, 14.25, 8.5, 15.25], "texture": "#0"},
				"east": {"uv": [8.5, 14.25, 9.5, 15.25], "texture": "#0"},
				"south": {"uv": [9.5, 14.25, 10.25, 15.25], "texture": "#0"},
				"west": {"uv": [10.25, 14.25, 11.25, 15.25], "texture": "#0"},
				"up": {"uv": [9.5, 14.25, 8.5, 13.5], "rotation": 90, "texture": "#0"},
				"down": {"uv": [8.5, 16, 9.5, 15.25], "rotation": 90, "texture": "#0"}
			}
		}
	],
	"display": {
		"head": {
			"translation": [0, -1, -4],
			"scale": [4, 4, 4]
		}
	},
	"groups": [
		0,
		1,
		2,
		3,
		4,
		5,
		6,
		7,
		{
			"name": "wheels",
			"origin": [0, 0, 0],
			"color": 0,
			"children": [8, 9, 10, 11]
		}
	]
}