{
	"credit": "Made with Blockbench",
	"ambientocclusion": false,
	"textures": {
		"0": "mk_maker:cosmetic/werewolf",
		"particle": "mk_maker:cosmetic/werewolf"
	},
	"elements": [
		{
			"from": [6, 4, 2],
			"to": [10, 7, 4],
			"rotation": {"angle": 0, "axis": "y", "origin": [8, 8, 8]},
			"faces": {
				"north": {"uv": [2, 2, 6, 5], "texture": "#0"},
				"east": {"uv": [0, 2, 2, 5], "texture": "#0"},
				"south": {"uv": [8, 2, 12, 5], "texture": "#0"},
				"west": {"uv": [6, 2, 8, 5], "texture": "#0"},
				"up": {"uv": [2, 0, 6, 2], "rotation": 180, "texture": "#0"},
				"down": {"uv": [6, 0, 10, 2], "texture": "#0"}
			}
		},
		{
			"from": [9, 12, 7],
			"to": [11, 14, 8],
			"rotation": {"angle": 0, "axis": "y", "origin": [8, 8, 8]},
			"faces": {
				"north": {"uv": [1, 14, 3, 16], "texture": "#0"},
				"east": {"uv": [0, 14, 1, 16], "texture": "#0"},
				"south": {"uv": [4, 14, 6, 16], "texture": "#0"},
				"west": {"uv": [3, 14, 4, 16], "texture": "#0"},
				"up": {"uv": [1, 13, 3, 14], "texture": "#0"},
				"down": {"uv": [3, 13, 5, 14], "texture": "#0"}
			}
		},
		{
			"from": [5, 12, 7],
			"to": [7, 14, 8],
			"rotation": {"angle": 0, "axis": "y", "origin": [8, 8, 8]},
			"faces": {
				"north": {"uv": [11, 14, 13, 16], "texture": "#0"},
				"east": {"uv": [10, 14, 11, 16], "texture": "#0"},
				"south": {"uv": [14, 14, 16, 16], "texture": "#0"},
				"west": {"uv": [13, 14, 14, 16], "texture": "#0"},
				"up": {"uv": [11, 13, 13, 14], "texture": "#0"},
				"down": {"uv": [13, 13, 15, 14], "texture": "#0"}
			}
		}
	],
	"display": {
		"head": {
			"scale": [1.6, 1.6, 1.6]
		}
	}
}