{
	"parent": "item/generated",
	"textures": {
		"layer0": "item/saddle"
	},
	"overrides": [
		{ "predicate": { "custom_model_data": 1 }, "model": "mk_maker:vehicle/standard/black" },
		{ "predicate": { "custom_model_data": 2 }, "model": "mk_maker:vehicle/standard/speed1/black" },
		{ "predicate": { "custom_model_data": 3 }, "model": "mk_maker:vehicle/standard/speed2/black" },
		{ "predicate": { "custom_model_data": 4 }, "model": "mk_maker:vehicle/standard/speed3/black" },
		{ "predicate": { "custom_model_data": 5 }, "model": "mk_maker:vehicle/standard/boost/black" },
		{ "predicate": { "custom_model_data": 6 }, "model": "mk_maker:vehicle/standard/blue" },
		{ "predicate": { "custom_model_data": 7 }, "model": "mk_maker:vehicle/standard/speed1/blue" },
		{ "predicate": { "custom_model_data": 8 }, "model": "mk_maker:vehicle/standard/speed2/blue" },
		{ "predicate": { "custom_model_data": 9 }, "model": "mk_maker:vehicle/standard/speed3/blue" },
		{ "predicate": { "custom_model_data": 10 }, "model": "mk_maker:vehicle/standard/boost/blue" },
		{ "predicate": { "custom_model_data": 11 }, "model": "mk_maker:vehicle/standard/brown" },
		{ "predicate": { "custom_model_data": 12 }, "model": "mk_maker:vehicle/standard/speed1/brown" },
		{ "predicate": { "custom_model_data": 13 }, "model": "mk_maker:vehicle/standard/speed2/brown" },
		{ "predicate": { "custom_model_data": 14 }, "model": "mk_maker:vehicle/standard/speed3/brown" },
		{ "predicate": { "custom_model_data": 15 }, "model": "mk_maker:vehicle/standard/boost/brown" },
		{ "predicate": { "custom_model_data": 16 }, "model": "mk_maker:vehicle/standard/cyan" },
		{ "predicate": { "custom_model_data": 17 }, "model": "mk_maker:vehicle/standard/speed1/cyan" },
		{ "predicate": { "custom_model_data": 18 }, "model": "mk_maker:vehicle/standard/speed2/cyan" },
		{ "predicate": { "custom_model_data": 19 }, "model": "mk_maker:vehicle/standard/speed3/cyan" },
		{ "predicate": { "custom_model_data": 20 }, "model": "mk_maker:vehicle/standard/boost/cyan" },
		{ "predicate": { "custom_model_data": 21 }, "model": "mk_maker:vehicle/standard/gray" },
		{ "predicate": { "custom_model_data": 22 }, "model": "mk_maker:vehicle/standard/speed1/gray" },
		{ "predicate": { "custom_model_data": 23 }, "model": "mk_maker:vehicle/standard/speed2/gray" },
		{ "predicate": { "custom_model_data": 24 }, "model": "mk_maker:vehicle/standard/speed3/gray" },
		{ "predicate": { "custom_model_data": 25 }, "model": "mk_maker:vehicle/standard/boost/gray" },
		{ "predicate": { "custom_model_data": 26 }, "model": "mk_maker:vehicle/standard/green" },
		{ "predicate": { "custom_model_data": 27 }, "model": "mk_maker:vehicle/standard/speed1/green" },
		{ "predicate": { "custom_model_data": 28 }, "model": "mk_maker:vehicle/standard/speed2/green" },
		{ "predicate": { "custom_model_data": 29 }, "model": "mk_maker:vehicle/standard/speed3/green" },
		{ "predicate": { "custom_model_data": 30 }, "model": "mk_maker:vehicle/standard/boost/green" },
		{ "predicate": { "custom_model_data": 31 }, "model": "mk_maker:vehicle/standard/light_blue" },
		{ "predicate": { "custom_model_data": 32 }, "model": "mk_maker:vehicle/standard/speed1/light_blue" },
		{ "predicate": { "custom_model_data": 33 }, "model": "mk_maker:vehicle/standard/speed2/light_blue" },
		{ "predicate": { "custom_model_data": 34 }, "model": "mk_maker:vehicle/standard/speed3/light_blue" },
		{ "predicate": { "custom_model_data": 35 }, "model": "mk_maker:vehicle/standard/boost/light_blue" },
		{ "predicate": { "custom_model_data": 36 }, "model": "mk_maker:vehicle/standard/light_gray" },
		{ "predicate": { "custom_model_data": 37 }, "model": "mk_maker:vehicle/standard/speed1/light_gray" },
		{ "predicate": { "custom_model_data": 38 }, "model": "mk_maker:vehicle/standard/speed2/light_gray" },
		{ "predicate": { "custom_model_data": 39 }, "model": "mk_maker:vehicle/standard/speed3/light_gray" },
		{ "predicate": { "custom_model_data": 40 }, "model": "mk_maker:vehicle/standard/boost/light_gray" },
		{ "predicate": { "custom_model_data": 41 }, "model": "mk_maker:vehicle/standard/lime" },
		{ "predicate": { "custom_model_data": 42 }, "model": "mk_maker:vehicle/standard/speed1/lime" },
		{ "predicate": { "custom_model_data": 43 }, "model": "mk_maker:vehicle/standard/speed2/lime" },
		{ "predicate": { "custom_model_data": 44 }, "model": "mk_maker:vehicle/standard/speed3/lime" },
		{ "predicate": { "custom_model_data": 45 }, "model": "mk_maker:vehicle/standard/boost/lime" },
		{ "predicate": { "custom_model_data": 46 }, "model": "mk_maker:vehicle/standard/magenta" },
		{ "predicate": { "custom_model_data": 47 }, "model": "mk_maker:vehicle/standard/speed1/magenta" },
		{ "predicate": { "custom_model_data": 48 }, "model": "mk_maker:vehicle/standard/speed2/magenta" },
		{ "predicate": { "custom_model_data": 49 }, "model": "mk_maker:vehicle/standard/speed3/magenta" },
		{ "predicate": { "custom_model_data": 50 }, "model": "mk_maker:vehicle/standard/boost/magenta" },
		{ "predicate": { "custom_model_data": 51 }, "model": "mk_maker:vehicle/standard/orange" },
		{ "predicate": { "custom_model_data": 52 }, "model": "mk_maker:vehicle/standard/speed1/orange" },
		{ "predicate": { "custom_model_data": 53 }, "model": "mk_maker:vehicle/standard/speed2/orange" },
		{ "predicate": { "custom_model_data": 54 }, "model": "mk_maker:vehicle/standard/speed3/orange" },
		{ "predicate": { "custom_model_data": 55 }, "model": "mk_maker:vehicle/standard/boost/orange" },
		{ "predicate": { "custom_model_data": 56 }, "model": "mk_maker:vehicle/standard/pink" },
		{ "predicate": { "custom_model_data": 57 }, "model": "mk_maker:vehicle/standard/speed1/pink" },
		{ "predicate": { "custom_model_data": 58 }, "model": "mk_maker:vehicle/standard/speed2/pink" },
		{ "predicate": { "custom_model_data": 59 }, "model": "mk_maker:vehicle/standard/speed3/pink" },
		{ "predicate": { "custom_model_data": 60 }, "model": "mk_maker:vehicle/standard/boost/pink" },
		{ "predicate": { "custom_model_data": 61 }, "model": "mk_maker:vehicle/standard/purple" },
		{ "predicate": { "custom_model_data": 62 }, "model": "mk_maker:vehicle/standard/speed1/purple" },
		{ "predicate": { "custom_model_data": 63 }, "model": "mk_maker:vehicle/standard/speed2/purple" },
		{ "predicate": { "custom_model_data": 64 }, "model": "mk_maker:vehicle/standard/speed3/purple" },
		{ "predicate": { "custom_model_data": 65 }, "model": "mk_maker:vehicle/standard/boost/purple" },
		{ "predicate": { "custom_model_data": 66 }, "model": "mk_maker:vehicle/standard/red" },
		{ "predicate": { "custom_model_data": 67 }, "model": "mk_maker:vehicle/standard/speed1/red" },
		{ "predicate": { "custom_model_data": 68 }, "model": "mk_maker:vehicle/standard/speed2/red" },
		{ "predicate": { "custom_model_data": 69 }, "model": "mk_maker:vehicle/standard/speed3/red" },
		{ "predicate": { "custom_model_data": 70 }, "model": "mk_maker:vehicle/standard/boost/red" },
		{ "predicate": { "custom_model_data": 71 }, "model": "mk_maker:vehicle/standard/white" },
		{ "predicate": { "custom_model_data": 72 }, "model": "mk_maker:vehicle/standard/speed1/white" },
		{ "predicate": { "custom_model_data": 73 }, "model": "mk_maker:vehicle/standard/speed2/white" },
		{ "predicate": { "custom_model_data": 74 }, "model": "mk_maker:vehicle/standard/speed3/white" },
		{ "predicate": { "custom_model_data": 75 }, "model": "mk_maker:vehicle/standard/boost/white" },
		{ "predicate": { "custom_model_data": 76 }, "model": "mk_maker:vehicle/standard/yellow" },
		{ "predicate": { "custom_model_data": 77 }, "model": "mk_maker:vehicle/standard/speed1/yellow" },
		{ "predicate": { "custom_model_data": 78 }, "model": "mk_maker:vehicle/standard/speed2/yellow" },
		{ "predicate": { "custom_model_data": 79 }, "model": "mk_maker:vehicle/standard/speed3/yellow" },
		{ "predicate": { "custom_model_data": 80 }, "model": "mk_maker:vehicle/standard/boost/yellow" }
	]
}