{
	"parent": "item/handheld_rod",
	"textures": {
		"layer0": "item/warped_fungus_on_a_stick"
	},
	"overrides": [
		{ "predicate": { "custom_model_data": 1 }, "model": "mk_maker:item/banana_peel" },
		{ "predicate": { "custom_model_data": 2 }, "model": "mk_maker:item/green_shell" },
		{ "predicate": { "custom_model_data": 3 }, "model": "mk_maker:item/red_shell" },
		{ "predicate": { "custom_model_data": 4 }, "model": "mk_maker:item/super_mushroom" },
		{ "predicate": { "custom_model_data": 5 }, "model": "mk_maker:item/golden_mushroom" },
		{ "predicate": { "custom_model_data": 6 }, "model": "mk_maker:item/bob_omb" },
		{ "predicate": { "custom_model_data": 7 }, "model": "mk_maker:item/blooper" },
		{ "predicate": { "custom_model_data": 8 }, "model": "mk_maker:item/boo" }
	]
}