{
	"credit": "Made with Blockbench",
	"texture_size": [32, 32],
	"textures": {
		"0": "mk_maker:entity/item_box",
		"particle": "mk_maker:entity/item_box"
	},
	"elements": [
		{
			"from": [0, 0, 0],
			"to": [16, 16, 16],
			"faces": {
				"north": {"uv": [0, 0, 8, 8], "texture": "#0"},
				"east": {"uv": [0, 0, 8, 8], "texture": "#0"},
				"south": {"uv": [0, 0, 8, 8], "texture": "#0"},
				"west": {"uv": [0, 0, 8, 8], "texture": "#0"},
				"up": {"uv": [8, 0, 16, 8], "texture": "#0"},
				"down": {"uv": [8, 8, 16, 16], "texture": "#0"}
			}
		}
	],
	"display": {
		"ground": {
			"translation": [0, 9.5, 0],
			"scale": [0.75, 0.75, 0.75]
		}
	}
}